PITX2<-LEF1,SMARCC1<-SMARCC1,MYB<-MYB,MYB<-JUN/JUND,MYB<-E2F1,MYB<-JUN/JUND+MYB,MYB<-E2F1+MYB,MYB<-E2F1+JUN/JUND,NKX3-1<-FOXA1,MYC<-!MYC/Max,MYC<-MYC/Max,MYC<-MYB,MYC<-!MYB,MYC<-JUN/JUND,MYC<-!MYCBP,MYC<-SRPRA,MYC<-!JUN/FOS,MYC<-JUN/FOS,MYC<-JUN,MYC<-SMAD4,MYC<-MYB+!MYC/Max,MYC<-!MYB+!MYC/Max,MYC<-JUN/JUND+!MYC/Max,MYC<-!MYC/Max+!MYCBP,MYC<-!MYC/Max+SRPRA,MYC<-!JUN/FOS+!MYC/Max,MYC<-JUN/FOS+!MYC/Max,MYC<-JUN+!MYC/Max,MYC<-!MYC/Max+SMAD4,MYC<-MYB+MYC/Max,MYC<-!MYB+MYC/Max,MYC<-JUN/JUND+MYC/Max,MYC<-MYC/Max+!MYCBP,MYC<-MYC/Max+SRPRA,MYC<-!JUN/FOS+MYC/Max,MYC<-JUN/FOS+MYC/Max,MYC<-JUN+MYC/Max,MYC<-MYC/Max+SMAD4,MYC<-JUN/JUND+MYB,MYC<-MYB+!MYCBP,MYC<-MYB+SRPRA,MYC<-!JUN/FOS+MYB,MYC<-JUN/FOS+MYB,MYC<-JUN+MYB,MYC<-MYB+SMAD4,MYC<-JUN/JUND+!MYB,MYC<-!MYB+!MYCBP,MYC<-!MYB+SRPRA,MYC<-!JUN/FOS+!MYB,MYC<-JUN/FOS+!MYB,MYC<-JUN+!MYB,MYC<-!MYB+SMAD4,MYC<-JUN/JUND+!MYCBP,MYC<-JUN/JUND+SRPRA,MYC<-!JUN/FOS+JUN/JUND,MYC<-JUN/FOS+JUN/JUND,MYC<-JUN+JUN/JUND,MYC<-JUN/JUND+SMAD4,MYC<-!MYCBP+SRPRA,MYC<-!JUN/FOS+!MYCBP,MYC<-JUN/FOS+!MYCBP,MYC<-JUN+!MYCBP,MYC<-!MYCBP+SMAD4,MYC<-!JUN/FOS+SRPRA,MYC<-JUN/FOS+SRPRA,MYC<-JUN+SRPRA,MYC<-SMAD4+SRPRA,MYC<-JUN+!JUN/FOS,MYC<-!JUN/FOS+SMAD4,MYC<-JUN+JUN/FOS,MYC<-JUN/FOS+SMAD4,MYC<-JUN+SMAD4,MYC/Max/MIZ-1<-MYC,FOXA2<-FOXA1,MYC/Max<-MYC,JUN/FOS<-FOS,JUN/FOS<-JUN,JUN/FOS<-FOS+JUN,SMAD3/SMAD4/JUN/FOS<-FOS,SMAD3/SMAD4/JUN/FOS<-JUN,SMAD3/SMAD4/JUN/FOS<-SMAD3,SMAD3/SMAD4/JUN/FOS<-SMAD4,SMAD3/SMAD4/JUN/FOS<-FOS+JUN,SMAD3/SMAD4/JUN/FOS<-FOS+SMAD3,SMAD3/SMAD4/JUN/FOS<-FOS+SMAD4,SMAD3/SMAD4/JUN/FOS<-JUN+SMAD3,SMAD3/SMAD4/JUN/FOS<-JUN+SMAD4,SMAD3/SMAD4/JUN/FOS<-SMAD3+SMAD4,DDIT3<-!MYC/Max/MIZ-1,DDIT3<-!MYC,DDIT3<-!MYC+!MYC/Max/MIZ-1,JUN/JUND<-JUN,EGR1<-!SNAI1,EGR1<-PLCG1,EGR1<-PLCG1+!SNAI1,IRF4<-NFAT1-c-4/MAF/IRF4,IRF4<-MYB,IRF4<-JUN,IRF4<-MYB+NFAT1-c-4/MAF/IRF4,IRF4<-JUN+NFAT1-c-4/MAF/IRF4,IRF4<-JUN+MYB,FOS<-!CREM,CDX1<-LEF1/betacatenin/CDX1,C21orf33<-!C21orf33,C21orf33<-ATF2/JUN,C21orf33<-ATF2/JUN+!C21orf33,ATF2/c-Jun<-JUN,SOD1<-FOXA1,SNAI1<-MYC/Max,SNAI1<-EGR1,SNAI1<-SMAD3,SNAI1<-SMAD4,SNAI1<-EGR1+MYC/Max,SNAI1<-MYC/Max+SMAD3,SNAI1<-MYC/Max+SMAD4,SNAI1<-EGR1+SMAD3,SNAI1<-EGR1+SMAD4,SNAI1<-SMAD3+SMAD4,HESX1<-FOS,LEF1/betacatenin/PITX2<-LEF1,LEF1/betacatenin/PITX2<-PITX2,LEF1/betacatenin/PITX2<-LEF1+PITX2,ATF2/JUN<-JUN,CEBPD<-!MYC/Max/MIZ-1,NFAT1-c-4/MAF/IRF4<-IRF4,GSR<-JUN/FOS,CEBPB<-MYB,CEBPB<-!MYC/Max,CEBPB<-MYB+!MYC/Max,PPARGC1A<-mTORC1/PGC1A/YY1,mTORC1/PGC1A/YY1<-PPARGC1A,JUN<-SMAD3/SMAD4/JUN/FOS,JUN<-ATF2/JUN,JUN<-ATF2/c-Jun,JUN<-ATF2/JUN+SMAD3/SMAD4/JUN/FOS,JUN<-ATF2/c-Jun+SMAD3/SMAD4/JUN/FOS,JUN<-ATF2/JUN+ATF2/c-Jun,PSAT1<-EGR1,PSAT1<-JUN,PSAT1<-FHL2,PSAT1<-SMARCC1,PSAT1<-FOXA1,PSAT1<-MYC/Max,PSAT1<-!SRPRA,PSAT1<-!JUN/FOS,PSAT1<-EGR1+JUN,PSAT1<-EGR1+FHL2,PSAT1<-EGR1+SMARCC1,PSAT1<-EGR1+FOXA1,PSAT1<-EGR1+MYC/Max,PSAT1<-EGR1+!SRPRA,PSAT1<-EGR1+!JUN/FOS,PSAT1<-FHL2+JUN,PSAT1<-JUN+SMARCC1,PSAT1<-FOXA1+JUN,PSAT1<-JUN+MYC/Max,PSAT1<-JUN+!SRPRA,PSAT1<-JUN+!JUN/FOS,PSAT1<-FHL2+SMARCC1,PSAT1<-FHL2+FOXA1,PSAT1<-FHL2+MYC/Max,PSAT1<-FHL2+!SRPRA,PSAT1<-FHL2+!JUN/FOS,PSAT1<-FOXA1+SMARCC1,PSAT1<-MYC/Max+SMARCC1,PSAT1<-SMARCC1+!SRPRA,PSAT1<-!JUN/FOS+SMARCC1,PSAT1<-FOXA1+MYC/Max,PSAT1<-FOXA1+!SRPRA,PSAT1<-FOXA1+!JUN/FOS,PSAT1<-MYC/Max+!SRPRA,PSAT1<-!JUN/FOS+MYC/Max,PSAT1<-!JUN/FOS+!SRPRA,FOXA1<-FOXA2,LEF1/betacatenin/CDX1<-CDX1,LEF1/betacatenin/CDX1<-LEF1,LEF1/betacatenin/CDX1<-CDX1+LEF1,LEF1<-LEF1/betacatenin/PITX2,mse,size
0,0,0,0,1,0,0,0,0,0,0,1,0,0,0,0,1,0,0,0,0,0,0,0,0,0,0,0,0,0,0,0,0,0,0,0,0,0,0,0,0,0,0,0,0,0,0,0,0,0,0,0,0,0,0,0,0,0,0,0,0,0,0,0,0,0,0,0,0,0,0,0,1,0,1,0,1,0,1,0,1,0,0,0,0,0,0,0,0,0,0,0,0,0,0,0,0,0,0,0,0,1,0,0,0,0,0,0,0,0,0,0,0,0,0,0,0,0,0,0,0,0,0,1,0,1,0,1,0,0,0,1,0,0,0,0,0,0,1,0,0,0,0,0,1,0,0,0,0,0,0,0,0,0,0,0,0,0,0,0,0,0,0,0,0,0,0,0,0,0,0,0,0,0,0,0,0,0,0.19238490949031986,15
0,0,0,0,1,0,0,0,0,0,0,1,0,0,0,0,1,0,0,0,0,0,0,0,0,0,0,0,0,0,0,0,0,0,0,0,0,0,0,0,0,0,0,0,0,0,0,0,0,0,0,0,0,0,0,0,0,0,0,0,0,0,0,0,0,0,0,0,0,0,0,0,1,0,1,1,1,0,0,0,1,0,0,0,0,0,0,0,0,0,0,0,0,0,0,0,0,0,0,0,0,1,0,0,0,0,0,0,0,0,0,0,0,0,0,0,0,0,0,0,0,0,0,1,0,1,0,1,0,0,0,1,0,0,0,0,0,1,0,0,0,0,1,0,0,0,0,0,0,0,0,0,0,0,0,0,0,0,0,0,0,0,0,0,0,0,0,0,0,0,0,0,0,0,0,0,0,0,0.19238490949031986,15
0,0,0,0,1,0,0,0,0,0,0,1,0,0,0,0,1,0,0,0,0,0,0,0,0,0,0,0,0,0,0,0,0,0,0,0,0,0,0,0,0,0,0,0,0,0,0,0,0,0,0,0,0,0,0,0,0,0,0,0,0,0,0,0,0,0,0,0,0,0,0,0,1,0,1,0,1,0,1,0,1,0,0,0,0,0,0,0,0,0,0,0,0,0,0,0,0,0,0,0,0,1,0,0,0,0,0,0,0,0,0,0,0,0,0,0,0,0,0,0,0,0,0,1,0,1,0,1,0,0,0,1,0,0,0,0,0,1,0,0,0,0,1,0,0,0,0,0,0,0,0,0,0,0,0,0,0,0,0,0,0,0,0,0,0,0,0,0,0,0,0,0,0,0,0,0,0,0,0.19238490949031986,15
0,0,0,0,1,0,0,0,0,0,0,1,0,0,0,0,1,0,0,0,0,0,0,0,0,0,0,0,0,0,0,0,0,0,0,0,0,0,0,0,0,0,0,0,0,0,0,0,0,0,0,0,0,0,0,0,0,0,0,0,0,0,0,0,0,0,0,0,0,0,0,0,1,0,1,0,1,0,1,0,1,0,0,0,0,0,0,0,0,0,0,0,0,0,0,0,0,0,0,0,0,1,0,0,0,0,0,0,0,0,0,0,0,0,0,0,0,0,0,0,0,0,0,1,0,1,0,1,0,0,0,1,0,0,0,0,0,0,1,0,0,0,1,0,0,0,0,0,0,0,0,0,0,0,0,0,0,0,0,0,0,0,0,0,0,0,0,0,0,0,0,0,0,0,0,0,0,0,0.19238490949031986,15
