LEF1/beta catenin/CDX1	ACTIVATION	CDX1,pid
CDX1	PART_OF	LEF1/beta catenin/CDX1,PathwayCommons
TCF1E/beta catenin	ACTIVATION	CDX1,pid
TCF1E/beta catenin	ACTIVATION	LEF1,pid
TCF4E/beta catenin/p300	ACTIVATION	CDX1,pid
TCF4E/beta catenin	ACTIVATION	CDX1,pid
TCF4E/beta catenin	ACTIVATION	LEF1,pid
TCF4E/beta catenin/BCL9	ACTIVATION	CDX1,pid
MYC/Max	INHIBITION	CEBPA,pid
MYC/Max	ACTIVATION	SNAI1,pid
MYC/Max	INHIBITION	MYC,pid
CEBPA	INHIBITION	PSA,pid
CEBPA	PART_OF	CEBPA/BRM/RB1/E2F4,PathwayCommons
CEBP	ACTIVATION	CEBPB,pid
Myb	ACTIVATION	CEBPB,pid
Myb	ACTIVATION	GATA3,pid
Myb	ACTIVATION	Myb,pid
Myb	ACTIVATION	MYC,pid
Myb	PART_OF	SKI/SIN3a/NCoR1/TIF1B/Myb,PathwayCommons
MYC/Max/MIZ-1	INHIBITION	CEBPD,pid
MYC/Max/MIZ-1	INHIBITION	CHOP,pid
TBP	ACTIVATION	CEBPD,pid
CREB1	ACTIVATION	CEBPD,pid
CREB1	ACTIVATION	FOS,pid
SP1	ACTIVATION	CEBPD,pid
SP1	PART_OF	FOXM1C/SP1,PathwayCommons
dNp63a (tetramer)	ACTIVATION	CEBPD,pid
dNp63a (tetramer)	ACTIVATION	DLX5,pid
dNp63a (tetramer)	INHIBITION	HES1,pid
dNp63a (tetramer)	ACTIVATION	RUNX1,pid
dNp63a (tetramer)	ACTIVATION	TCF3,pid
dNp63a (tetramer)	INHIBITION	p16INK4a,pid
STAT3 (dimer)	ACTIVATION	CEBPD,pid
STAT3 (dimer)	ACTIVATION	MYC,pid
dNp63b (tetramer)	ACTIVATION	DLX5,pid
dNp63g (tetramer)	ACTIVATION	DLX5,pid
dNp63g (tetramer)	INHIBITION	p16INK4a,pid
EGR1_Csda	ACTIVATION	EGR1,PANTHER
EGR1	ACTIVATION	PSA,pid
EGR1	ACTIVATION	SNAIL,pid
cortisol/GR alpha (dimer)	ACTIVATION	EGR1,pid
JUN (dimer)	ACTIVATION	EGR1,pid
ELK1	ACTIVATION	EGR1,pid
ELK1	UNKNOWN	FOS,PANTHER
ELK1	PART_OF	ELK1/SRF,PathwayCommons
PLCgamma1	ACTIVATION	EGR1,pid
Erk1-2-active	ACTIVATION	EGR1,pid
Erk1-2-active	ACTIVATION	Jun,pid
SNAIL	INHIBITION	EGR1,pid
NFAT1-c-4-active	ACTIVATION	EGR2,pid
STAT6 (dimer)	ACTIVATION	EGR2,pid
STAT6 (dimer)	ACTIVATION	IL4,pid
STAT6 (dimer)	ACTIVATION	IL4R,pid
TAp63g (tetramer)	ACTIVATION	EGR2,pid
TAp63g (tetramer)	PART_OF	TAp63g (tetramer)/SSRP1,PathwayCommons
T-DHT/AR	ACTIVATION	FHL2,pid
T-DHT/AR	ACTIVATION	NKX3,pid
T-DHT/AR	ACTIVATION	PSA,pid
T-DHT/AR	ACTIVATION	SRG3,pid
FHL2	ACTIVATION	PSA,pid
SRF	ACTIVATION	FHL2,pid
SRF	UNKNOWN	FOS,PANTHER
SRF	PART_OF	ELK1/SRF,PathwayCommons
FOXA1	ACTIVATION	FOXA2,pid
FOXA1	ACTIVATION	SOD1,pid
FOXA1	ACTIVATION	NKX3,pid
FOXA1	ACTIVATION	PSA,pid
FOXA1	ACTIVATION	NRIP1,pid
FOXA2	ACTIVATION	FOXA1,pid
MIM/GLI1	ACTIVATION	FOXA2,pid
MIM/GLI2A	ACTIVATION	FOXA2,pid
RBPJ/NICD/MAML1-2/p300	ACTIVATION	GATA3,pid
RBPJ/NICD/MAML1-2/p300	ACTIVATION	HES1,pid
GATA3	ACTIVATION	IL4,pid
STAT1 (dimer)	INHIBITION	GATA3,pid
ATF2/JUN	ACTIVATION	HES1,pid
ATF2/JUN	ACTIVATION	Jun,pid
HES1	INHIBITION	HES1,pid
TWIST1	INHIBITION	HES1,pid
SHARP/RBPJ	INHIBITION	HES1,pid
RBPJ/NCoR/HDAC1	INHIBITION	HES1,pid
SHARP/RBPJ/CtIP/CtBP/LSD1	INHIBITION	HEY1,pid
RBPJ/NICD	ACTIVATION	HEY1,pid
RBPJ/NICD	ACTIVATION	HEY2,pid
RBPJ/NICD	ACTIVATION	IL4,pid
TAp73a (tetramer)	ACTIVATION	HEY2,pid
TAp73a (tetramer)	ACTIVATION	MDM2,pid
TAp73a (tetramer)	ACTIVATION	JAK1,pid
TAp73a (tetramer)	ACTIVATION	CDK6,pid
CD40LG	ACTIVATION	IRF4,pid
IRF4	PART_OF	NFAT1-c-4/MAF/IRF4,PathwayCommons
IL4/IL4R/JAK1/IL2R gamma/JAK3	ACTIVATION	IRF4,pid
LEF1/beta catenin/PITX2	ACTIVATION	LEF1,pid
LEF1	PART_OF	LEF1/beta catenin/CDX1,PathwayCommons
LEF1	PART_OF	LEF1/beta catenin/PITX2,PathwayCommons
LEF1	PART_OF	LEF1/beta catenin,PathwayCommons
LEF1/beta catenin	ACTIVATION	PITX2,pid
LEF1/beta catenin	INHIBITION	p16INK4a,pid
PITX2	PART_OF	LEF1/beta catenin/PITX2,PathwayCommons
HIF1A/ARNT	ACTIVATION	PKM,pid
HIF1A/ARNT	ACTIVATION	DEC1,pid
SMAD3/SMAD4	ACTIVATION	SNAI1,pid
E2/ERA (dimer)/AIB1	ACTIVATION	SOD1,pid
E2/ERA (dimer)/AIB1	ACTIVATION	NRIP1,pid
E2/ERA (dimer)/AIB1	ACTIVATION	MYC,pid
E2/ERA	ACTIVATION	SOD1,pid
E2/ERA	ACTIVATION	FOXA1,pid
E2/ERA	ACTIVATION	NRIP1,pid
AIB1	ACTIVATION	SOD1,pid
AIB1	PART_OF	E2/ERA (dimer)/AIB1,PathwayCommons
AIB1	ACTIVATION	NRIP1,pid
PARP1	ACTIVATION	ZEB1,pid
PARP1	ACTIVATION	SNAIL,pid
HIF2A/ARNT	ACTIVATION	DEC1,pid
HIF2A/ARNT	ACTIVATION	TWIST1,pid
MYC/Max/HDAC3	INHIBITION	CHOP,pid
ATF2	ACTIVATION	CHOP,pid
ATF2	ACTIVATION	PGC1A,pid
ATF2	PART_OF	ATF2/JUN,PathwayCommons
ATF2	PART_OF	ATF2/JDP2,PathwayCommons
ATF2	ACTIVATION	Jun,pid
ATF2	PART_OF	ATF2/c-Jun,PathwayCommons
ATF2/JDP2	INHIBITION	CHOP,pid
STAT4 (dimer)	ACTIVATION	ERM,pid
FOXM1	ACTIVATION	ERM,pid
JUND/FOS	ACTIVATION	ANF,pid
TCF4/beta catenin	ACTIVATION	TCF1,pid
TCF1	PART_OF	CtBP/CBP/TCF1/TLE1/AES,PathwayCommons
TCF1	PART_OF	beta catenin/TCF1/CtBP/CBP/TLE1/AES/SMAD4,PathwayCommons
STAT5 (dimer)-active	INHIBITION	IRF-8,pid
STAT5 (dimer)-active	ACTIVATION	MYC,pid
STAT5 (dimer)-active	ACTIVATION	IL4,pid
STAT5 (dimer)-active	ACTIVATION	Cyclin D3,pid
STAT5 (dimer)-active	ACTIVATION	CDK6,pid
JHDM2A	ACTIVATION	NKX3,pid
JHDM2A	ACTIVATION	PSA,pid
JUN/FOS	ACTIVATION	GR,pid
JUN/FOS	ACTIVATION	TCF4,pid
SRG3	ACTIVATION	PSA,pid
SRG3	ACTIVATION	SRG3,pid
Src-1	ACTIVATION	PSA,pid
Src-1	ACTIVATION	SRG3,pid
p16INK4a	INHIBITION	PSA,pid
PATZ	INHIBITION	PSA,pid
HBO1	INHIBITION	PSA,pid
ARA60	ACTIVATION	PSA,pid
Jun	ACTIVATION	PSA,pid
TCF4	INHIBITION	PSA,pid
TCF4	PART_OF	TCF4/beta catenin,PathwayCommons
TCF4	PART_OF	TCF4/beta catenin/JUN/DVL3,PathwayCommons
TCF4	PART_OF	TCF4/beta catenin/TNIK,PathwayCommons
PELP1	ACTIVATION	PSA,pid
T-DHT/AR/PRX1	ACTIVATION	PSA,pid
HDAC7	INHIBITION	PSA,pid
beta catenin	ACTIVATION	PSA,pid
beta catenin	PART_OF	LEF1/beta catenin/CDX1,PathwayCommons
beta catenin	PART_OF	TCF1E/beta catenin,PathwayCommons
beta catenin	PART_OF	TCF4E/beta catenin/p300,PathwayCommons
beta catenin	PART_OF	TCF4E/beta catenin,PathwayCommons
beta catenin	PART_OF	TCF4E/beta catenin/BCL9,PathwayCommons
beta catenin	PART_OF	LEF1/beta catenin/PITX2,PathwayCommons
beta catenin	PART_OF	LEF1/beta catenin,PathwayCommons
beta catenin	PART_OF	TCF4/beta catenin,PathwayCommons
beta catenin	PART_OF	TCF4/beta catenin/JUN/DVL3,PathwayCommons
beta catenin	PART_OF	TCF3/beta catenin/TERT/BRG1,PathwayCommons
beta catenin	PART_OF	TCF4/beta catenin/TNIK,PathwayCommons
beta catenin	PART_OF	beta catenin/TCF1/CtBP/CBP/TLE1/AES/SMAD4,PathwayCommons
EBP1	INHIBITION	PSA,pid
HIP1	ACTIVATION	PSA,pid
AR/RACK1/Src	ACTIVATION	PSA,pid
T-DHT/AR/Caspase 8	INHIBITION	PSA,pid
E6AP	ACTIVATION	PSA,pid
T-DHT/AR/TIF2/CARM1	ACTIVATION	PSA,pid
T-DHT/AR/Cyclin D3/CDK11 p58	INHIBITION	PSA,pid
ARR19	INHIBITION	PSA,pid
APPL	INHIBITION	PSA,pid
FKBP52	ACTIVATION	PSA,pid
NRIP1	ACTIVATION	PSA,pid
T-DHT/AR/TIP60	ACTIVATION	PSA,pid
MDM2	INHIBITION	PSA,pid
HDAC1	INHIBITION	PSA,pid
HDAC1	PART_OF	RBPJ/NCoR/HDAC1,PathwayCommons
ASC2	ACTIVATION	PSA,pid
T-DHT/AR/ARA70	ACTIVATION	PSA,pid
gelsolin	ACTIVATION	PSA,pid
HOXB13	INHIBITION	PSA,pid
supervillin	ACTIVATION	PSA,pid
hZIMP7	ACTIVATION	PSA,pid
BRM/BAF57	ACTIVATION	PSA,pid
BRCA1	ACTIVATION	PSA,pid
PIASy	INHIBITION	PSA,pid
HNRNPA1	INHIBITION	PSA,pid
AOF2	ACTIVATION	PSA,pid
TR4	INHIBITION	PSA,pid
SCP1	INHIBITION	PSA,pid
RSK2	ACTIVATION	PSA,pid
MAK	ACTIVATION	PSA,pid
UBA3	INHIBITION	PSA,pid
ARA55	ACTIVATION	PSA,pid
PYK2	INHIBITION	PSA,pid
RXRs/9cRA	INHIBITION	PSA,pid
TR2	INHIBITION	PSA,pid
FOXO1	INHIBITION	PSA,pid
DNA-PK	ACTIVATION	PSA,pid
G9A	ACTIVATION	PSA,pid
T-DHT/AR/RACK1/Src	INHIBITION	PSA,pid
TIF1A	ACTIVATION	PSA,pid
T-DHT/AR/TIF2	ACTIVATION	PSA,pid
Oct-1	ACTIVATION	PSA,pid
c-Rel	INHIBITION	PSA,pid
Filamin A C-terminal fragment	INHIBITION	PSA,pid
SRY	INHIBITION	PSA,pid
PDEF	ACTIVATION	PSA,pid
AR	ACTIVATION	PSA,pid
AR	PART_OF	T-DHT/AR,PathwayCommons
AR	PART_OF	T-DHT/AR/PRX1,PathwayCommons
AR	PART_OF	AR/RACK1/Src,PathwayCommons
AR	PART_OF	T-DHT/AR/Caspase 8,PathwayCommons
AR	PART_OF	T-DHT/AR/TIF2/CARM1,PathwayCommons
AR	PART_OF	T-DHT/AR/Cyclin D3/CDK11 p58,PathwayCommons
AR	PART_OF	T-DHT/AR/TIP60,PathwayCommons
AR	PART_OF	T-DHT/AR/ARA70,PathwayCommons
AR	PART_OF	T-DHT/AR/RACK1/Src,PathwayCommons
AR	PART_OF	T-DHT/AR/TIF2,PathwayCommons
AR	PART_OF	T-DHT/AR/CDK6,PathwayCommons
AR	PART_OF	T-DHT/AR/CyclinD1,PathwayCommons
AR	PART_OF	DHT/AR,PathwayCommons
JMJD2C	ACTIVATION	PSA,pid
TZF	INHIBITION	PSA,pid
PIAS3	ACTIVATION	PSA,pid
TGIF	INHIBITION	PSA,pid
LATS2	INHIBITION	PSA,pid
MED1	ACTIVATION	PSA,pid
TZF-L	ACTIVATION	PSA,pid
Vav3	ACTIVATION	PSA,pid
T-DHT/AR/CDK6	ACTIVATION	PSA,pid
T-DHT/AR/CyclinD1	INHIBITION	PSA,pid
PIAS1	ACTIVATION	PSA,pid
BPM90	ACTIVATION	PSA,pid
SCP2	INHIBITION	PSA,pid
PAR4	ACTIVATION	PSA,pid
DHT/AR	ACTIVATION	PSA,pid
PGC1A	PART_OF	mTORC1/PGC1A/YY1,PathwayCommons
mTORC1/PGC1A/YY1	ACTIVATION	PGC1A,pid
p53 (tetramer)	ACTIVATION	BLIMP1,pid
p53 (tetramer)	ACTIVATION	p63,pid
p53 (tetramer)	ACTIVATION	MDM2,pid
TCF3	PART_OF	TCF3/beta catenin/TERT/BRG1,PathwayCommons
DeltaNp63 alpha	INHIBITION	p63,pid
TCF1E	PART_OF	TCF1E/beta catenin,PathwayCommons
TCF4E	PART_OF	TCF4E/beta catenin/p300,PathwayCommons
TCF4E	PART_OF	TCF4E/beta catenin,PathwayCommons
TCF4E	PART_OF	TCF4E/beta catenin/BCL9,PathwayCommons
p300	PART_OF	TCF4E/beta catenin/p300,PathwayCommons
p300	PART_OF	RBPJ/NICD/MAML1-2/p300,PathwayCommons
p300	ACTIVATION	Jun,pid
BCL9	PART_OF	TCF4E/beta catenin/BCL9,PathwayCommons
MYC	PART_OF	MYC/Max,PathwayCommons
MYC	PART_OF	MYC/Max/MIZ-1,PathwayCommons
MYC	PART_OF	MYC/Max/HDAC3,PathwayCommons
Max	PART_OF	MYC/Max,PathwayCommons
Max	PART_OF	MYC/Max/MIZ-1,PathwayCommons
Max	PART_OF	MYC/Max/HDAC3,PathwayCommons
MIZ-1	PART_OF	MYC/Max/MIZ-1,PathwayCommons
GR alpha (dimer)	PART_OF	cortisol/GR alpha (dimer),PathwayCommons
MIM	PART_OF	MIM/GLI1,PathwayCommons
MIM	PART_OF	MIM/GLI2A,PathwayCommons
GLI1	PART_OF	MIM/GLI1,PathwayCommons
GLI2A	PART_OF	MIM/GLI2A,PathwayCommons
GLI2A	ACTIVATION	GLI1,pid
RBPJ	PART_OF	RBPJ/NICD/MAML1-2/p300,PathwayCommons
RBPJ	PART_OF	SHARP/RBPJ,PathwayCommons
RBPJ	PART_OF	RBPJ/NCoR/HDAC1,PathwayCommons
RBPJ	PART_OF	SHARP/RBPJ/CtIP/CtBP/LSD1,PathwayCommons
RBPJ	PART_OF	RBPJ/NICD,PathwayCommons
NICD	PART_OF	RBPJ/NICD/MAML1-2/p300,PathwayCommons
NICD	PART_OF	RBPJ/NICD,PathwayCommons
NICD	PART_OF	NICD/YY1,PathwayCommons
MAML1-2	PART_OF	RBPJ/NICD/MAML1-2/p300,PathwayCommons
JUN	PART_OF	ATF2/JUN,PathwayCommons
JUN	PART_OF	JUN/FOS,PathwayCommons
JUN	PART_OF	JUN/JUND,PathwayCommons
JUN	PART_OF	JUN/FOSNFAT1-c-4,PathwayCommons
JUN	PART_OF	SMAD3/SMAD4/JUN/FOS,PathwayCommons
JUN	PART_OF	TCF4/beta catenin/JUN/DVL3,PathwayCommons
SHARP	PART_OF	SHARP/RBPJ,PathwayCommons
SHARP	PART_OF	SHARP/RBPJ/CtIP/CtBP/LSD1,PathwayCommons
NCoR	PART_OF	RBPJ/NCoR/HDAC1,PathwayCommons
CtIP	PART_OF	SHARP/RBPJ/CtIP/CtBP/LSD1,PathwayCommons
CtBP	PART_OF	SHARP/RBPJ/CtIP/CtBP/LSD1,PathwayCommons
CtBP	PART_OF	CtBP/CBP/TCF1/TLE1/AES,PathwayCommons
CtBP	PART_OF	beta catenin/TCF1/CtBP/CBP/TLE1/AES/SMAD4,PathwayCommons
LSD1	PART_OF	SHARP/RBPJ/CtIP/CtBP/LSD1,PathwayCommons
IL4	PART_OF	IL4/IL4R/JAK1/IL2R gamma/JAK3,PathwayCommons
IL4R	PART_OF	IL4/IL4R/JAK1/IL2R gamma/JAK3,PathwayCommons
JAK1	PART_OF	IL4/IL4R/JAK1/IL2R gamma/JAK3,PathwayCommons
JAK1	PART_OF	IL2/IL2R alpha/beta/gamma/JAK1/LCK/JAK3/STAM1-2,PathwayCommons
JAK1	PART_OF	IL2/IL2R alpha/beta/gamma/JAK1/LCK/JAK3/SHC/GAB2/GRB2/SOS1/SHP2/PI3K,PathwayCommons
IL2R gamma	PART_OF	IL4/IL4R/JAK1/IL2R gamma/JAK3,PathwayCommons
JAK3	PART_OF	IL4/IL4R/JAK1/IL2R gamma/JAK3,PathwayCommons
JAK3	PART_OF	IL2/IL2R alpha/beta/gamma/JAK1/LCK/JAK3/STAM1-2,PathwayCommons
JAK3	PART_OF	IL2/IL2R alpha/beta/gamma/JAK1/LCK/JAK3/SHC/GAB2/GRB2/SOS1/SHP2/PI3K,PathwayCommons
HIF1A	PART_OF	HIF1A/ARNT,PathwayCommons
ARNT	PART_OF	HIF1A/ARNT,PathwayCommons
ARNT	PART_OF	HIF2A/ARNT,PathwayCommons
SMAD3	PART_OF	SMAD3/SMAD4,PathwayCommons
SMAD3	PART_OF	SMAD3/SMAD4/JUN/FOS,PathwayCommons
SMAD4	PART_OF	SMAD3/SMAD4,PathwayCommons
SMAD4	PART_OF	SMAD3/SMAD4/JUN/FOS,PathwayCommons
SMAD4	PART_OF	beta catenin/TCF1/CtBP/CBP/TLE1/AES/SMAD4,PathwayCommons
ERA (dimer)	PART_OF	E2/ERA (dimer)/AIB1,PathwayCommons
ERA	PART_OF	E2/ERA,PathwayCommons
HIF2A	PART_OF	HIF2A/ARNT,PathwayCommons
HDAC3	PART_OF	MYC/Max/HDAC3,PathwayCommons
JDP2	PART_OF	ATF2/JDP2,PathwayCommons
JDP2	INHIBITION	Jun,pid
JUND	PART_OF	JUND/FOS,PathwayCommons
JUND	PART_OF	JUN/JUND,PathwayCommons
FOS	PART_OF	JUND/FOS,PathwayCommons
FOS	PART_OF	JUN/FOS,PathwayCommons
FOS	PART_OF	SMAD3/SMAD4/JUN/FOS,PathwayCommons
PRX1	PART_OF	T-DHT/AR/PRX1,PathwayCommons
RACK1	PART_OF	AR/RACK1/Src,PathwayCommons
RACK1	PART_OF	T-DHT/AR/RACK1/Src,PathwayCommons
Src	PART_OF	AR/RACK1/Src,PathwayCommons
Src	PART_OF	T-DHT/AR/RACK1/Src,PathwayCommons
Caspase 8	PART_OF	T-DHT/AR/Caspase 8,PathwayCommons
TIF2	PART_OF	T-DHT/AR/TIF2/CARM1,PathwayCommons
TIF2	PART_OF	T-DHT/AR/TIF2,PathwayCommons
CARM1	PART_OF	T-DHT/AR/TIF2/CARM1,PathwayCommons
Cyclin D3	PART_OF	T-DHT/AR/Cyclin D3/CDK11 p58,PathwayCommons
CDK11 p58	PART_OF	T-DHT/AR/Cyclin D3/CDK11 p58,PathwayCommons
TIP60	PART_OF	T-DHT/AR/TIP60,PathwayCommons
ARA70	PART_OF	T-DHT/AR/ARA70,PathwayCommons
BRM	PART_OF	BRM/BAF57,PathwayCommons
BRM	PART_OF	CEBPA/BRM/RB1/E2F4,PathwayCommons
BAF57	PART_OF	BRM/BAF57,PathwayCommons
RXRs	PART_OF	RXRs/9cRA,PathwayCommons
RXRs	PART_OF	RXRs/RARs,PathwayCommons
CDK6	PART_OF	T-DHT/AR/CDK6,PathwayCommons
CyclinD1	PART_OF	T-DHT/AR/CyclinD1,PathwayCommons
mTORC1	PART_OF	mTORC1/PGC1A/YY1,PathwayCommons
YY1	PART_OF	mTORC1/PGC1A/YY1,PathwayCommons
YY1	PART_OF	NICD/YY1,PathwayCommons
JUN/JUND	ACTIVATION	Myb,pid
JUN/JUND	ACTIVATION	MYC,pid
E2F1	ACTIVATION	Myb,pid
Fog1	INHIBITION	Myb,pid
GATA1	INHIBITION	Myb,pid
SRF(dimer)/MAL(dimer)	ACTIVATION	SRF,pid
insulin	INHIBITION	FOXA1,pid
JUN/FOSNFAT1-c-4	ACTIVATION	CD40LG,pid
JUN/FOSNFAT1-c-4	ACTIVATION	IL4,pid
JUNB (dimer)	ACTIVATION	p16INK4a,pid
JUNB (dimer)	ACTIVATION	IL4,pid
JNK1	ACTIVATION	Jun,pid
JNK1-2-active	ACTIVATION	Jun,pid
ATF1	ACTIVATION	Jun,pid
SMAD3/SMAD4/JUN/FOS	ACTIVATION	Jun,pid
RXRs/RARs	ACTIVATION	NRIP1,pid
HDAC2	INHIBITION	MDM2,pid
TRRAP	ACTIVATION	MDM2,pid
TRRAP	PART_OF	E2F4/DP2/TRRAP,PathwayCommons
TAp63g (tetramer)/SSRP1	ACTIVATION	MDM2,pid
TAp73b (tetramer)	ACTIVATION	MDM2,pid
TAp73b (tetramer)	ACTIVATION	IL4R,pid
TAp63b (tetramer)	ACTIVATION	MDM2,pid
E2F6/DP	INHIBITION	BRCA1,pid
E2F4/DP2/p107-p130	INHIBITION	BRCA1,pid
beta-catenin/TCF-4	UNKNOWN	MYC,PANTHER
NICD/YY1	ACTIVATION	MYC,pid
MYCBP	INHIBITION	MYC,pid
ENO1	INHIBITION	MYC,pid
Akt1	ACTIVATION	MYC,pid
IL2/IL2R alpha/beta/gamma/JAK1/LCK/JAK3/STAM1-2	ACTIVATION	MYC,pid
TCF4/beta catenin/JUN/DVL3	ACTIVATION	MYC,pid
CEBPA/BRM/RB1/E2F4	INHIBITION	MYC,pid
E2F1-3/DP	ACTIVATION	MYC,pid
E2F1-3/DP	ACTIVATION	Cyclin D3,pid
p107	INHIBITION	MYC,pid
TCF3/beta catenin/TERT/BRG1	ACTIVATION	MYC,pid
IKK alpha	ACTIVATION	MYC,pid
LKB1/ER alpha	ACTIVATION	MYC,pid
E2F4/DP2/GCN5	ACTIVATION	MYC,pid
PP2A Heterotrimer	INHIBITION	MYC,pid
FOXM1C/SP1	ACTIVATION	MYC,pid
TCF4/beta catenin/TNIK	ACTIVATION	MYC,pid
E2F4/DP2/TRRAP	ACTIVATION	MYC,pid
CtBP/CBP/TCF1/TLE1/AES	INHIBITION	MYC,pid
beta catenin/TCF1/CtBP/CBP/TLE1/AES/SMAD4	ACTIVATION	MYC,pid
RelA/NF kappa B1	ACTIVATION	MYC,pid
SKI/SIN3a/NCoR1/TIF1B/Myb	INHIBITION	MYC,pid
GLI3A/Cbp	ACTIVATION	GLI1,pid
MAF (dimer)	ACTIVATION	IL4,pid
STAT6 (cleaved dimer)	INHIBITION	IL4,pid
cortisol/GR alpha (monomer)	INHIBITION	IL4,pid
NFATc	ACTIVATION	IL4,pid
NFAT1-c-4/PPARG	INHIBITION	IL4,pid
NFAT1	ACTIVATION	IL4,pid
NFAT1-c-4/MAF/IRF4	ACTIVATION	IL4,pid
GRAIL	INHIBITION	IL4,pid
IL2/IL2R	INHIBITION	IL2R gamma,pid
ICER	INHIBITION	FOS,PANTHER
SAP1	UNKNOWN	FOS,PANTHER
RHOA-GTP	UNKNOWN	FOS,PANTHER
ELK1/SRF	ACTIVATION	FOS,pid
IL2/IL2R alpha/beta/gamma/JAK1/LCK/JAK3/SHC/GAB2/GRB2/SOS1/SHP2/PI3K	ACTIVATION	Cyclin D3,pid
KAP1	INHIBITION	Cyclin D3,pid
ATF2/c-Jun	ACTIVATION	c-Jun,pid
c-Jun	PART_OF	ATF2/c-Jun,PathwayCommons
SRF(dimer)	PART_OF	SRF(dimer)/MAL(dimer),PathwayCommons
MAL(dimer)	PART_OF	SRF(dimer)/MAL(dimer),PathwayCommons
FOSNFAT1-c-4	PART_OF	JUN/FOSNFAT1-c-4,PathwayCommons
RARs	PART_OF	RXRs/RARs,PathwayCommons
SSRP1	PART_OF	TAp63g (tetramer)/SSRP1,PathwayCommons
E2F6	PART_OF	E2F6/DP,PathwayCommons
DP	PART_OF	E2F6/DP,PathwayCommons
DP	PART_OF	E2F1-3/DP,PathwayCommons
E2F4	PART_OF	E2F4/DP2/p107-p130,PathwayCommons
E2F4	PART_OF	CEBPA/BRM/RB1/E2F4,PathwayCommons
E2F4	PART_OF	E2F4/DP2/GCN5,PathwayCommons
E2F4	PART_OF	E2F4/DP2/TRRAP,PathwayCommons
DP2	PART_OF	E2F4/DP2/p107-p130,PathwayCommons
DP2	PART_OF	E2F4/DP2/GCN5,PathwayCommons
DP2	PART_OF	E2F4/DP2/TRRAP,PathwayCommons
p107-p130	PART_OF	E2F4/DP2/p107-p130,PathwayCommons
beta-catenin	PART_OF	beta-catenin/TCF-4,PathwayCommons
TCF-4	PART_OF	beta-catenin/TCF-4,PathwayCommons
IL2	PART_OF	IL2/IL2R alpha/beta/gamma/JAK1/LCK/JAK3/STAM1-2,PathwayCommons
IL2	PART_OF	IL2/IL2R,PathwayCommons
IL2	PART_OF	IL2/IL2R alpha/beta/gamma/JAK1/LCK/JAK3/SHC/GAB2/GRB2/SOS1/SHP2/PI3K,PathwayCommons
IL2R alpha	PART_OF	IL2/IL2R alpha/beta/gamma/JAK1/LCK/JAK3/STAM1-2,PathwayCommons
IL2R alpha	PART_OF	IL2/IL2R alpha/beta/gamma/JAK1/LCK/JAK3/SHC/GAB2/GRB2/SOS1/SHP2/PI3K,PathwayCommons
beta	PART_OF	IL2/IL2R alpha/beta/gamma/JAK1/LCK/JAK3/STAM1-2,PathwayCommons
beta	PART_OF	IL2/IL2R alpha/beta/gamma/JAK1/LCK/JAK3/SHC/GAB2/GRB2/SOS1/SHP2/PI3K,PathwayCommons
gamma	PART_OF	IL2/IL2R alpha/beta/gamma/JAK1/LCK/JAK3/STAM1-2,PathwayCommons
gamma	PART_OF	IL2/IL2R alpha/beta/gamma/JAK1/LCK/JAK3/SHC/GAB2/GRB2/SOS1/SHP2/PI3K,PathwayCommons
LCK	PART_OF	IL2/IL2R alpha/beta/gamma/JAK1/LCK/JAK3/STAM1-2,PathwayCommons
LCK	PART_OF	IL2/IL2R alpha/beta/gamma/JAK1/LCK/JAK3/SHC/GAB2/GRB2/SOS1/SHP2/PI3K,PathwayCommons
STAM1-2	PART_OF	IL2/IL2R alpha/beta/gamma/JAK1/LCK/JAK3/STAM1-2,PathwayCommons
DVL3	PART_OF	TCF4/beta catenin/JUN/DVL3,PathwayCommons
RB1	PART_OF	CEBPA/BRM/RB1/E2F4,PathwayCommons
E2F1-3	PART_OF	E2F1-3/DP,PathwayCommons
TERT	PART_OF	TCF3/beta catenin/TERT/BRG1,PathwayCommons
BRG1	PART_OF	TCF3/beta catenin/TERT/BRG1,PathwayCommons
LKB1	PART_OF	LKB1/ER alpha,PathwayCommons
ER alpha	PART_OF	LKB1/ER alpha,PathwayCommons
GCN5	PART_OF	E2F4/DP2/GCN5,PathwayCommons
FOXM1C	PART_OF	FOXM1C/SP1,PathwayCommons
TNIK	PART_OF	TCF4/beta catenin/TNIK,PathwayCommons
CBP	PART_OF	CtBP/CBP/TCF1/TLE1/AES,PathwayCommons
CBP	PART_OF	beta catenin/TCF1/CtBP/CBP/TLE1/AES/SMAD4,PathwayCommons
TLE1	PART_OF	CtBP/CBP/TCF1/TLE1/AES,PathwayCommons
TLE1	PART_OF	beta catenin/TCF1/CtBP/CBP/TLE1/AES/SMAD4,PathwayCommons
AES	PART_OF	CtBP/CBP/TCF1/TLE1/AES,PathwayCommons
AES	PART_OF	beta catenin/TCF1/CtBP/CBP/TLE1/AES/SMAD4,PathwayCommons
RelA	PART_OF	RelA/NF kappa B1,PathwayCommons
NF kappa B1	PART_OF	RelA/NF kappa B1,PathwayCommons
SKI	PART_OF	SKI/SIN3a/NCoR1/TIF1B/Myb,PathwayCommons
SIN3a	PART_OF	SKI/SIN3a/NCoR1/TIF1B/Myb,PathwayCommons
NCoR1	PART_OF	SKI/SIN3a/NCoR1/TIF1B/Myb,PathwayCommons
TIF1B	PART_OF	SKI/SIN3a/NCoR1/TIF1B/Myb,PathwayCommons
GLI3A	PART_OF	GLI3A/Cbp,PathwayCommons
Cbp	PART_OF	GLI3A/Cbp,PathwayCommons
GR alpha (monomer)	PART_OF	cortisol/GR alpha (monomer),PathwayCommons
NFAT1-c-4	PART_OF	NFAT1-c-4/PPARG,PathwayCommons
NFAT1-c-4	PART_OF	NFAT1-c-4/MAF/IRF4,PathwayCommons
PPARG	PART_OF	NFAT1-c-4/PPARG,PathwayCommons
MAF	PART_OF	NFAT1-c-4/MAF/IRF4,PathwayCommons
IL2R	PART_OF	IL2/IL2R,PathwayCommons
SHC	PART_OF	IL2/IL2R alpha/beta/gamma/JAK1/LCK/JAK3/SHC/GAB2/GRB2/SOS1/SHP2/PI3K,PathwayCommons
GAB2	PART_OF	IL2/IL2R alpha/beta/gamma/JAK1/LCK/JAK3/SHC/GAB2/GRB2/SOS1/SHP2/PI3K,PathwayCommons
GRB2	PART_OF	IL2/IL2R alpha/beta/gamma/JAK1/LCK/JAK3/SHC/GAB2/GRB2/SOS1/SHP2/PI3K,PathwayCommons
SOS1	PART_OF	IL2/IL2R alpha/beta/gamma/JAK1/LCK/JAK3/SHC/GAB2/GRB2/SOS1/SHP2/PI3K,PathwayCommons
SHP2	PART_OF	IL2/IL2R alpha/beta/gamma/JAK1/LCK/JAK3/SHC/GAB2/GRB2/SOS1/SHP2/PI3K,PathwayCommons
PI3K	PART_OF	IL2/IL2R alpha/beta/gamma/JAK1/LCK/JAK3/SHC/GAB2/GRB2/SOS1/SHP2/PI3K,PathwayCommons
