{
    "late_TE": {
        "0": [
            "E7.4.227",
            "E6.12.1278",
            "E6.13.1377",
            "E6.13.1390",
            "E6.13.1395",
            "E6.13.1396",
            "E6.14.1405",
            "E6.14.1406",
            "E6.14.1423",
            "E6.16.1493",
            "E6.17.1598",
            "E6.17.1602",
            "E6.17.1607",
            "E6.18.1623",
            "E6.22.1846",
            "E6.22.1859",
            "E6.22.1863",
            "E6.22.1867",
            "E6.8.812",
            "E6.8.831",
            "E7.11.849",
            "E7.14.912",
            "E7.15.1087",
            "E7.16.1130",
            "E7.16.1139",
            "E7.19.1564",
            "E7.19.1565",
            "E7.4.223",
            "E7.6.249",
            "E7.6.255",
            "E7.6.276",
            "E7.8.313",
            "E7.8.323",
            "E7.8.328",
            "E7.8.330",
            "E7.8.348",
            "E7.9.560",
            "E7.9.568"
        ],
        "1": [
            "E7.17.1336",
            "E6.14.1407",
            "E6.14.1418",
            "E6.14.1420",
            "E6.14.1429",
            "E6.8.793",
            "E6.8.832",
            "E7.11.837",
            "E7.14.909",
            "E7.15.1089",
            "E7.15.1090",
            "E7.15.1091",
            "E7.15.1096",
            "E7.15.1101",
            "E7.16.1104",
            "E7.16.1105",
            "E7.16.1106",
            "E7.16.1110",
            "E7.16.1122",
            "E7.16.1128",
            "E7.16.1138",
            "E7.16.1144",
            "E7.16.1148",
            "E7.16.1149",
            "E7.16.1150",
            "E7.16.1152",
            "E7.16.1153",
            "E7.16.1154",
            "E7.16.1159",
            "E7.17.1317",
            "E7.17.1321",
            "E7.17.1326",
            "E7.17.1327",
            "E7.19.1551",
            "E7.4.211",
            "E7.4.220",
            "E7.6.260",
            "E7.6.274"
        ],
        "2": [
            "E6.16.1495",
            "E6.16.1497",
            "E6.18.1635",
            "E7.19.1552",
            "E7.2.159",
            "E7.8.350"
        ],
        "3": [
            "E7.16.1164",
            "E6.12.1483",
            "E6.12.1486",
            "E6.13.1380",
            "E6.13.1391",
            "E6.13.1397",
            "E6.14.1414",
            "E6.14.1416",
            "E6.14.1427",
            "E6.16.1503",
            "E6.16.1505",
            "E7.13.887",
            "E7.15.1082",
            "E7.15.1084",
            "E7.16.1107",
            "E7.16.1111",
            "E7.16.1115",
            "E7.16.1118",
            "E7.16.1120",
            "E7.16.1121",
            "E7.16.1124",
            "E7.16.1125",
            "E7.16.1165",
            "E7.16.1167",
            "E7.17.1305",
            "E7.4.203",
            "E7.4.207",
            "E7.4.226",
            "E7.8.331",
            "E7.8.342",
            "E7.9.559"
        ],
        "4": [
            "E7.16.1108",
            "E6.13.1383",
            "E6.14.1404",
            "E6.14.1430",
            "E7.13.881",
            "E7.13.888",
            "E7.13.890",
            "E7.14.896",
            "E7.14.900",
            "E7.14.901",
            "E7.14.902",
            "E7.16.1102",
            "E7.16.1112",
            "E7.16.1113",
            "E7.16.1114",
            "E7.16.1119",
            "E7.16.1126",
            "E7.16.1142",
            "E7.16.1146",
            "E7.16.1158",
            "E7.6.257"
        ],
        "5": [
            "E7.6.263",
            "E7.6.279",
            "E7.9.551"
        ],
        "6": [
            "E7.13.885"
        ],
        "7": [
            "E7.2.141",
            "E6.14.1415",
            "E6.17.1601",
            "E7.10.750",
            "E7.16.1133",
            "E7.16.1136",
            "E7.16.1141",
            "E7.2.166",
            "E7.3.167",
            "E7.9.541",
            "E7.9.557"
        ],
        "8": [
            "E7.2.139"
        ],
        "9": [
            "E6.18.1636",
            "E6.12.1271",
            "E6.12.1484",
            "E6.13.1398",
            "E6.14.1417",
            "E6.14.1422",
            "E6.14.1424",
            "E6.16.1494",
            "E6.18.1622",
            "E6.18.1624",
            "E6.8.774",
            "E6.8.784",
            "E6.8.814",
            "E6.8.829",
            "E7.10.745",
            "E7.11.838",
            "E7.14.893",
            "E7.15.1080",
            "E7.15.1100",
            "E7.16.1116",
            "E7.16.1127",
            "E7.16.1129",
            "E7.16.1155",
            "E7.16.1156",
            "E7.16.1157",
            "E7.16.1160",
            "E7.16.1170",
            "E7.17.1333",
            "E7.17.1345",
            "E7.19.1542",
            "E7.19.1547",
            "E7.19.1548",
            "E7.19.1549",
            "E7.2.160",
            "E7.3.171",
            "E7.3.172",
            "E7.3.175",
            "E7.3.176",
            "E7.3.181",
            "E7.3.190",
            "E7.4.191",
            "E7.4.196",
            "E7.4.210",
            "E7.4.214",
            "E7.4.225",
            "E7.6.252",
            "E7.6.267",
            "E7.7.281",
            "E7.8.314",
            "E7.8.315",
            "E7.8.316",
            "E7.8.320",
            "E7.9.561"
        ],
        "10": [
            "E7.16.1131",
            "E7.17.1307",
            "E7.6.251"
        ],
        "11": [
            "E7.8.319",
            "E6.13.1379",
            "E6.13.1386",
            "E6.13.1387",
            "E6.13.1388",
            "E6.13.1393",
            "E6.13.1394",
            "E6.13.1399",
            "E6.13.1400",
            "E6.14.1419",
            "E7.11.835",
            "E7.14.898",
            "E7.14.903",
            "E7.14.911",
            "E7.16.1103",
            "E7.19.1546",
            "E7.3.187",
            "E7.8.322"
        ],
        "12": [
            "E6.14.1421",
            "E6.12.1482",
            "E7.10.746",
            "E7.10.747",
            "E7.10.753",
            "E7.12.862",
            "E7.15.1078",
            "E7.15.1079",
            "E7.16.1143",
            "E7.16.1147",
            "E7.17.1301",
            "E7.17.1302",
            "E7.17.1309",
            "E7.17.1313",
            "E7.17.1314",
            "E7.17.1315",
            "E7.17.1350",
            "E7.17.1351",
            "E7.19.1553",
            "E7.3.174",
            "E7.5.232",
            "E7.7.307"
        ],
        "13": [
            "E7.8.347",
            "E7.8.339"
        ],
        "14": [
            "E7.2.149",
            "E6.12.1277",
            "E6.12.1487",
            "E6.13.1384",
            "E6.13.1392",
            "E6.14.1409",
            "E6.17.1591",
            "E6.18.1625",
            "E6.8.771",
            "E6.8.797",
            "E6.8.808",
            "E6.9.1014",
            "E7.11.836",
            "E7.14.899",
            "E7.14.910",
            "E7.16.1123",
            "E7.16.1134",
            "E7.16.1162",
            "E7.16.1166",
            "E7.17.1338",
            "E7.19.1544",
            "E7.19.1550",
            "E7.2.145",
            "E7.3.183",
            "E7.6.273",
            "E7.8.321",
            "E7.8.324"
        ],
        "15": [
            "E7.2.146",
            "E7.2.148"
        ],
        "16": [
            "E7.17.1341",
            "E6.14.1426",
            "E7.15.1083",
            "E7.17.1332",
            "E7.17.1340",
            "E7.8.325"
        ],
        "17": [
            "E7.2.158",
            "E7.17.1339",
            "E7.3.186",
            "E7.4.222"
        ],
        "18": [
            "E7.2.156",
            "E7.2.147",
            "E7.3.185",
            "E7.4.208"
        ],
        "19": [
            "E6.14.1411",
            "E6.11.1070",
            "E7.2.163",
            "E7.3.170",
            "E7.4.209"
        ],
        "nb": 296
    },
    "medium_TE": {
        "0": [
            "E6.12.1291",
            "E5.13.1767",
            "E6.11.1065",
            "E6.12.1266",
            "E6.12.1276",
            "E6.12.1293",
            "E6.12.1488",
            "E6.13.1362",
            "E6.13.1364",
            "E6.13.1366",
            "E6.13.1367",
            "E6.13.1369",
            "E6.13.1373",
            "E6.15.1474",
            "E6.17.1572",
            "E6.17.1574",
            "E6.17.1592",
            "E6.18.1628",
            "E6.2.104",
            "E6.22.1848",
            "E6.22.1851",
            "E6.22.1855",
            "E6.22.1856",
            "E6.22.1857",
            "E6.22.1861",
            "E6.8.817",
            "E6.8.818",
            "E6.9.1020",
            "E6.9.1023",
            "E6.9.1025",
            "E7.19.1538",
            "E7.2.165",
            "E7.4.192",
            "E7.9.548",
            "E7.9.549"
        ],
        "1": [
            "E6.14.1413",
            "E5.37.3237",
            "E6.12.1288",
            "E6.12.1485",
            "E6.13.1363",
            "E6.14.1428",
            "E6.15.1461",
            "E6.15.1466",
            "E6.15.1467",
            "E6.15.1468",
            "E6.15.1473",
            "E6.15.1479",
            "E6.15.1481",
            "E6.17.1610",
            "E6.18.1630",
            "E6.2.108",
            "E6.8.778",
            "E6.8.789",
            "E6.8.790",
            "E6.8.798",
            "E6.8.799",
            "E7.12.860",
            "E7.12.863",
            "E7.12.870",
            "E7.12.875",
            "E7.12.876",
            "E7.12.877",
            "E7.17.1304",
            "E7.4.221",
            "E7.5.245"
        ],
        "2": [
            "E6.14.1431",
            "E6.13.1375",
            "E6.15.1439",
            "E6.15.1441",
            "E7.4.219"
        ],
        "3": [
            "E6.15.1477",
            "E6.11.1076",
            "E6.15.1458",
            "E6.15.1463",
            "E6.8.810",
            "E7.12.859"
        ],
        "4": [
            "E6.15.1478",
            "E6.12.1272",
            "E6.15.1434"
        ],
        "5": [
            "E6.17.1579",
            "E6.15.1471",
            "E7.4.206",
            "E7.5.246"
        ],
        "6": [
            "E6.17.1613"
        ],
        "7": [
            "E6.2.117",
            "E5.3.55",
            "E6.2.109",
            "E6.22.1854",
            "E6.22.1862",
            "E6.8.773",
            "E6.8.803",
            "E6.9.1013",
            "E7.16.1161",
            "E7.17.1344",
            "E7.4.195",
            "E7.4.197",
            "E7.4.229",
            "E7.4.230",
            "E7.5.243",
            "E7.7.291",
            "E7.7.292",
            "E7.7.299",
            "E7.7.302",
            "E7.7.308"
        ],
        "8": [
            "E6.4.425"
        ],
        "9": [
            "E6.8.777",
            "E5.12.1042",
            "E5.37.3234",
            "E5.37.3235",
            "E6.1.72",
            "E6.1.78",
            "E6.1.80",
            "E6.12.1268",
            "E6.12.1287",
            "E6.12.1290",
            "E6.12.1294",
            "E6.12.1295",
            "E6.13.1365",
            "E6.13.1368",
            "E6.14.1432",
            "E6.15.1436",
            "E6.15.1437",
            "E6.15.1438",
            "E6.15.1454",
            "E6.15.1455",
            "E6.15.1462",
            "E6.15.1465",
            "E6.15.1470",
            "E6.15.1476",
            "E6.17.1570",
            "E6.17.1578",
            "E6.17.1583",
            "E6.17.1590",
            "E6.17.1593",
            "E6.17.1603",
            "E6.17.1605",
            "E6.17.1606",
            "E6.18.1629",
            "E6.2.119",
            "E6.22.1847",
            "E6.22.1849",
            "E6.22.1850",
            "E6.22.1853",
            "E6.22.1858",
            "E6.22.1864",
            "E6.22.1865",
            "E6.4.424",
            "E6.6.707",
            "E6.7.737",
            "E6.7.738",
            "E6.8.772",
            "E6.8.776",
            "E6.8.779",
            "E6.8.780",
            "E6.8.785",
            "E6.8.786",
            "E6.8.787",
            "E6.8.796",
            "E6.8.800",
            "E6.8.804",
            "E6.8.809",
            "E6.8.825",
            "E6.9.1007",
            "E7.12.864",
            "E7.17.1324",
            "E7.19.1566",
            "E7.2.150",
            "E7.2.164",
            "E7.3.168",
            "E7.3.177",
            "E7.4.198",
            "E7.4.202",
            "E7.4.204",
            "E7.4.212",
            "E7.4.224",
            "E7.4.228",
            "E7.8.335",
            "E7.8.344",
            "E7.9.542",
            "E7.9.546",
            "E7.9.558"
        ],
        "10": [
            "E6.9.1010"
        ],
        "11": [
            "E7.12.874",
            "E6.13.1374",
            "E6.17.1573",
            "E6.17.1596",
            "E6.22.1860",
            "E6.6.712"
        ],
        "12": [
            "E7.15.1086",
            "E6.12.1286",
            "E6.15.1457",
            "E6.6.709",
            "E7.12.878"
        ],
        "13": [
            "E7.17.1349"
        ],
        "14": [
            "E7.19.1543",
            "E6.1.88",
            "E6.12.1275",
            "E6.15.1460",
            "E6.17.1581",
            "E6.4.432",
            "E6.6.714",
            "E6.7.739",
            "E6.7.741",
            "E6.7.742",
            "E6.8.782",
            "E6.8.811",
            "E7.3.173",
            "E7.5.233"
        ],
        "15": [
            "E7.3.188",
            "E7.10.748",
            "E7.19.1556",
            "E7.7.284"
        ],
        "16": [
            "E7.5.240",
            "E6.15.1443",
            "E6.15.1469",
            "E7.12.880",
            "E7.17.1329",
            "E7.17.1337"
        ],
        "17": [
            "E7.8.340",
            "E6.13.1376"
        ],
        "18": [
            "E7.9.564",
            "E5.16.1889",
            "E6.2.105",
            "E6.2.115",
            "E7.17.1328",
            "E7.3.182",
            "E7.7.280",
            "E7.7.285",
            "E7.7.300"
        ],
        "19": [
            "E7.9.567",
            "E6.1.83",
            "E6.1.84",
            "E6.11.1064",
            "E6.14.1412",
            "E6.14.1425",
            "E6.15.1435",
            "E6.15.1442",
            "E6.15.1447",
            "E6.15.1450",
            "E6.15.1451",
            "E6.15.1475",
            "E6.17.1576",
            "E6.2.116",
            "E6.4.427",
            "E6.7.743",
            "E6.8.781",
            "E6.8.795",
            "E6.8.806",
            "E6.8.807",
            "E6.8.828",
            "E6.9.1026",
            "E7.15.1098",
            "E7.2.138",
            "E7.2.152",
            "E7.5.241",
            "E7.7.293",
            "E7.9.532",
            "E7.9.535",
            "E7.9.536",
            "E7.9.537",
            "E7.9.555",
            "E7.9.565"
        ],
        "nb": 262
    }
}