shared name	name	feature
SRF(dimer)/MAL(dimer)	SRF(dimer)/MAL(dimer)	no_predecessors
RBL1	RBL1	no_predecessors
TCF3/beta catenin/TERT/BRG1	TCF3/beta catenin/TERT/BRG1	complexes
CEBPD	CEBPD	no_successors
cortisol/GR alpha (monomer)	cortisol/GR alpha (monomer)	no_predecessors
RARS	RARS	no_predecessors
DAND5	DAND5	no_predecessors
TCF4/beta catenin/TNIK	TCF4/beta catenin/TNIK	complexes
TWIST1	TWIST1	intermediates
SHARP/RBPJ	SHARP/RBPJ	complexes
E2F4/DP2/GCN5	E2F4/DP2/GCN5	complexes
CREM	CREM	no_predecessors
JAK3	JAK3	no_predecessors
LEF1/beta catenin	LEF1/beta catenin	complexes
PPARG	PPARG	no_predecessors
MYC/Max/MIZ-1	MYC/Max/MIZ-1	complexes
ZEB1	ZEB1	no_successors
LCK	LCK	no_predecessors
NCOR1	NCOR1	no_predecessors
DHT/AR	DHT/AR	complexes
T-DHT/AR/TIF2/CARM1	T-DHT/AR/TIF2/CARM1	complexes
JAK1	JAK1	no_predecessors
PTGDR2	PTGDR2	no_predecessors
AKT1	AKT1	no_predecessors
SRPRA	SRPRA	no_predecessors
MIM/GLI1	MIM/GLI1	complexes
MYC/Max	MYC/Max	complexes
E2F1	E2F1	no_predecessors
CEBPA	CEBPA	intermediates
PCBP4	PCBP4	no_predecessors
LEF1	LEF1	intermediates
CDX1	CDX1	intermediates
PARP1	PARP1	no_predecessors
NFATC1	NFATC1	no_predecessors
TCF4E/beta catenin/BCL9	TCF4E/beta catenin/BCL9	complexes
GSR	GSR	no_successors
TCF4E/beta catenin/p300	TCF4E/beta catenin/p300	complexes
T-DHT/AR/PRX1	T-DHT/AR/PRX1	complexes
EPAS1	EPAS1	no_predecessors
PRRX1	PRRX1	no_predecessors
T-DHT/AR/Cyclin D3/CDK11 p58	T-DHT/AR/Cyclin D3/CDK11 p58	complexes
T-DHT/AR/TIP60	T-DHT/AR/TIP60	complexes
MDM2	MDM2	intermediates
KAT5	KAT5	no_predecessors
GATA3	GATA3	intermediates
ZBTB17	ZBTB17	no_predecessors
HDAC1	HDAC1	no_predecessors
ATF2/c-Jun	ATF2/c-Jun	complexes
PITX2	PITX2	intermediates
HNF1A	HNF1A	intermediates
HDAC3	HDAC3	no_predecessors
TCF3	TCF3	no_predecessors
TCF4	TCF4	intermediates
NFAT1-c-4/PPARG	NFAT1-c-4/PPARG	complexes
E2F6/DP	E2F6/DP	complexes
EP300	EP300	no_predecessors
FOXM1C/SP1	FOXM1C/SP1	complexes
PKM	PKM	no_successors
ARNT	ARNT	no_predecessors
NKX3-1	NKX3-1	no_successors
CtBP/CBP/TCF1/TLE1/AES	CtBP/CBP/TCF1/TLE1/AES	complexes
MAX	MAX	no_predecessors
ELK1	ELK1	no_predecessors
DVL3	DVL3	no_predecessors
PLCG1	PLCG1	no_predecessors
MAF	MAF	no_predecessors
CDK6	CDK6	no_predecessors
JUN/JUND	JUN/JUND	complexes
CEBPA/BRM/RB1/E2F4	CEBPA/BRM/RB1/E2F4	complexes
TAp63g (tetramer)/SSRP1	TAp63g (tetramer)/SSRP1	complexes
IL4	IL4	intermediates
HIF1A	HIF1A	no_predecessors
NFATC2	NFATC2	no_predecessors
DDIT3	DDIT3	no_successors
NFAT1-c-4/MAF/IRF4	NFAT1-c-4/MAF/IRF4	complexes
IL2/IL2R alpha/beta/gamma/JAK1/LCK/JAK3/STAM1-2	IL2/IL2R alpha/beta/gamma/JAK1/LCK/JAK3/STAM1-2	complexes
TRIM28	TRIM28	no_predecessors
RBPJ/NICD/MAML1-2/p300	RBPJ/NICD/MAML1-2/p300	complexes
CEBPB	CEBPB	no_successors
IRF4	IRF4	intermediates
PSAT1	PSAT1	no_successors
RACK1	RACK1	no_predecessors
TCF4/beta catenin/JUN/DVL3	TCF4/beta catenin/JUN/DVL3	complexes
RB1	RB1	no_predecessors
HEY1	HEY1	no_successors
TCF4E/beta catenin	TCF4E/beta catenin	no_predecessors
HEY2	HEY2	no_successors
STK11	STK11	no_predecessors
EGR1	EGR1	intermediates
RXRs/RARs	RXRs/RARs	complexes
E2F4	E2F4	no_predecessors
MYB	MYB	intermediates
T-DHT/AR	T-DHT/AR	complexes
NRIP1	NRIP1	intermediates
FOXA2	FOXA2	intermediates
BCL9	BCL9	no_predecessors
TRRAP	TRRAP	no_predecessors
T-DHT/AR/RACK1/Src	T-DHT/AR/RACK1/Src	complexes
CARM1	CARM1	no_predecessors
TLE1	TLE1	no_predecessors
RBPJ/NICD	RBPJ/NICD	complexes
T-DHT/AR/CDK6	T-DHT/AR/CDK6	complexes
MYCBP	MYCBP	no_predecessors
HDAC2	HDAC2	no_predecessors
mTORC1/PGC1A/YY1	mTORC1/PGC1A/YY1	complexes
SSRP1	SSRP1	no_predecessors
SMAD3	SMAD3	no_predecessors
TERT	TERT	no_predecessors
GLI1	GLI1	intermediates
YY1	YY1	no_predecessors
MTSS1	MTSS1	no_predecessors
DEC1	DEC1	no_successors
TCF4/beta catenin	TCF4/beta catenin	complexes
SMAD4	SMAD4	no_predecessors
JUN/FOS	JUN/FOS	complexes
FOXA1	FOXA1	intermediates
ETV5	ETV5	no_successors
PPARGC1A	PPARGC1A	intermediates
AR	AR	no_predecessors
BRM/BAF57	BRM/BAF57	complexes
HIF1A/ARNT	HIF1A/ARNT	complexes
FOXM1	FOXM1	no_predecessors
GLI3A/Cbp	GLI3A/Cbp	no_predecessors
LEF1/beta catenin/PITX2	LEF1/beta catenin/PITX2	complexes
T-DHT/AR/CyclinD1	T-DHT/AR/CyclinD1	complexes
ERAL1	ERAL1	no_predecessors
SMARCA2	SMARCA2	no_predecessors
SIN3A	SIN3A	no_predecessors
SMAD3/SMAD4	SMAD3/SMAD4	complexes
SKI	SKI	no_predecessors
FOS	FOS	intermediates
NCOA4	NCOA4	no_predecessors
KAT2A	KAT2A	no_predecessors
E2/ERA	E2/ERA	complexes
MYC	MYC	intermediates
NCOA2	NCOA2	no_predecessors
JUN/FOSNFAT1-c-4	JUN/FOSNFAT1-c-4	complexes
IL4/IL4R/JAK1/IL2R gamma/JAK3	IL4/IL4R/JAK1/IL2R gamma/JAK3	complexes
RBPJ/NCoR/HDAC1	RBPJ/NCoR/HDAC1	complexes
LKB1/ER alpha	LKB1/ER alpha	complexes
C21orf33	C21orf33	intermediates
RelA/NF kappa B1	RelA/NF kappa B1	complexes
SKI/SIN3a/NCoR1/TIF1B/Myb	SKI/SIN3a/NCoR1/TIF1B/Myb	complexes
ATF1	ATF1	no_predecessors
JDP2	JDP2	no_predecessors
SOD1	SOD1	no_successors
ATF2/JDP2	ATF2/JDP2	complexes
E2F4/DP2/p107-p130	E2F4/DP2/p107-p130	complexes
SMARCC1	SMARCC1	intermediates
SNAI1	SNAI1	intermediates
ELK1/SRF	ELK1/SRF	complexes
T-DHT/AR/Caspase 8	T-DHT/AR/Caspase 8	complexes
KDM3A	KDM3A	no_predecessors
AR/RACK1/Src	AR/RACK1/Src	complexes
RNF128	RNF128	no_predecessors
CREB1	CREB1	no_predecessors
T-DHT/AR/TIF2	T-DHT/AR/TIF2	complexes
JUND	JUND	no_predecessors
SRF	SRF	intermediates
cortisol/GR alpha (dimer)	cortisol/GR alpha (dimer)	no_predecessors
AES	AES	no_predecessors
E2F1-3/DP	E2F1-3/DP	complexes
NICD/YY1	NICD/YY1	complexes
T-DHT/AR/ARA70	T-DHT/AR/ARA70	complexes
SMARCA4	SMARCA4	no_predecessors
IL4R	IL4R	no_predecessors
MIM/GLI2A	MIM/GLI2A	complexes
LEF1/beta catenin/CDX1	LEF1/beta catenin/CDX1	complexes
SMAD3/SMAD4/JUN/FOS	SMAD3/SMAD4/JUN/FOS	complexes
RBPJ	RBPJ	no_predecessors
RELA	RELA	no_predecessors
BRCA1	BRCA1	intermediates
JUN	JUN	intermediates
SRC	SRC	no_predecessors
E2/ERA (dimer)/AIB1	E2/ERA (dimer)/AIB1	no_predecessors
SHARP/RBPJ/CtIP/CtBP/LSD1	SHARP/RBPJ/CtIP/CtBP/LSD1	complexes
MYC/Max/HDAC3	MYC/Max/HDAC3	complexes
TNIK	TNIK	no_predecessors
HESX1	HESX1	no_successors
ENO1	ENO1	no_predecessors
ATF2/JUN	ATF2/JUN	complexes
FHL2	FHL2	intermediates
E2F4/DP2/TRRAP	E2F4/DP2/TRRAP	complexes
HIF2A/ARNT	HIF2A/ARNT	complexes
TCF1E/beta catenin	TCF1E/beta catenin	no_predecessors
SMARCE1	SMARCE1	no_predecessors
beta catenin/TCF1/CtBP/CBP/TLE1/AES/SMAD4	beta catenin/TCF1/CtBP/CBP/TLE1/AES/SMAD4	complexes
KDM1A	KDM1A	no_predecessors
MAPK8	MAPK8	no_predecessors
JUND/FOS	JUND/FOS	complexes
E2F6	E2F6	no_predecessors
